{"n_editions": 30, "n_countries": 158, "n_sports": 70, "n_medals_total": 17672, "n_models": 3, "country_r2": 0.8772103842845074, "country_rmse": 4.4496906449148845}