{"n_editions": 30, "n_countries": 157, "n_sports": 69, "n_medals_total": 17802, "n_models": 3, "country_r2": 0.8540680717677818, "country_rmse": 5.282076196664378}