{"n_editions": 30, "n_countries": 158, "n_sports": 70, "n_medals_total": 17673, "n_models": 3, "country_r2": 0.8784121852830162, "country_rmse": 4.435158724486916}