{"n_editions": 30, "n_countries": 159, "n_sports": 85, "n_medals_total": 19128, "n_models": 3, "country_r2": 0.8622288146240176, "country_rmse": 4.534376036207832}