{"n_editions": 30, "n_countries": 158, "n_sports": 70, "n_medals_total": 17672, "n_models": 3, "country_r2": 0.8693308514446535, "country_rmse": 4.590241437625717}