{"n_editions": 30, "n_countries": 159, "n_sports": 85, "n_medals_total": 19128, "n_models": 3, "country_r2": 0.8622684291129652, "country_rmse": 4.533724086008137}