{"n_editions": 30, "n_countries": 157, "n_sports": 90, "n_medals_total": 17802, "n_models": 3, "country_r2": 0.8445247454681237, "country_rmse": 4.190732256074738}