{"country_level": {"r2": 0.8445247454681237, "rmse": 4.190732256074738}, "by_color": {"Gold": {"rmse": 0.37326602968313716, "mae": 0.07528504648772674, "r2": 0.14278048437729696}, "Silver": {"rmse": 0.35067664047772673, "mae": 0.07796538640062341, "r2": 0.1451261944313278}, "Bronze": {"rmse": 0.3387885108897883, "mae": 0.09278034518075938, "r2": 0.17063429162459498}}, "n_top_sports": 30, "trained_years": "1968-2016", "test_year": 2024}