{"country_level": {"r2": 0.8772103842845074, "rmse": 4.4496906449148845}, "by_color": {"Gold": {"rmse": 0.28445827542391755, "mae": 0.0740651460444953, "r2": 0.5722333304281317}, "Silver": {"rmse": 0.26319426656699557, "mae": 0.07654699506738917, "r2": 0.5625676356633837}, "Bronze": {"rmse": 0.3006078556461452, "mae": 0.09405821782130049, "r2": 0.4154210502137964}}, "n_top_sports": 30, "trained_years": "1968-2016", "test_year": 2024, "model_comparison": {"RMSE_granulaire": {"Ridge": 0.283, "RandomForest": 0.278, "XGBoost": 0.278}, "MAE_granulaire": {"Ridge": 0.082, "RandomForest": 0.081, "XGBoost": 0.081}, "R2_granulaire": {"Ridge": 0.516, "RandomForest": 0.533, "XGBoost": 0.531}, "RMSE_pays": {"Ridge": 4.45, "RandomForest": 4.257, "XGBoost": 3.561}, "R2_pays": {"Ridge": 0.877, "RandomForest": 0.888, "XGBoost": 0.921}}, "ci_quantiles": {"q10": -0.715315947845147, "q90": 0.3668876220249142}}