{"country_level": {"r2": 0.8622684291129652, "rmse": 4.533724086008137}, "by_color": {"Gold": {"rmse": 0.2816175873430008, "mae": 0.06887414244055289, "r2": 0.5737973760585378}, "Silver": {"rmse": 0.25973553006077843, "mae": 0.07098912876164738, "r2": 0.5660836841761997}, "Bronze": {"rmse": 0.2974646536366988, "mae": 0.08812687159891652, "r2": 0.41857660657062234}}, "n_top_sports": 30, "trained_years": "1968-2016", "test_year": 2024}