{"country_level": {"r2": 0.8540680717677818, "rmse": 5.282076196664378}, "by_color": {"Gold": {"rmse": 0.2940099690370518, "mae": 0.0706730328179405, "r2": 0.55978817408522}, "Silver": {"rmse": 0.2747189248827634, "mae": 0.07515890675391712, "r2": 0.5471052937282963}, "Bronze": {"rmse": 0.30972647669636355, "mae": 0.09194762972060953, "r2": 0.4127899056479982}}, "n_top_sports": 30, "trained_years": "1968-2016", "test_year": 2024}