{"country_level": {"r2": 0.8693308514446535, "rmse": 4.590241437625717}, "by_color": {"Gold": {"rmse": 0.28456313304354774, "mae": 0.07158641871026031, "r2": 0.5719179037676836}, "Silver": {"rmse": 0.26336430073713185, "mae": 0.0740289903965965, "r2": 0.5620022549977752}, "Bronze": {"rmse": 0.3009863026141691, "mae": 0.09123510001340437, "r2": 0.4139482251638601}}, "n_top_sports": 30, "trained_years": "1968-2016", "test_year": 2024}