{"country_level": {"r2": 0.8784121852830162, "rmse": 4.435158724486916}, "by_color": {"Gold": {"rmse": 0.28445827542391755, "mae": 0.0740651460444953, "r2": 0.5722333304281317}, "Silver": {"rmse": 0.2649987067624402, "mae": 0.0767579655315242, "r2": 0.5605801152440453}, "Bronze": {"rmse": 0.3006078556461452, "mae": 0.09405821782130049, "r2": 0.4154210502137964}}, "n_top_sports": 30, "trained_years": "1968-2016", "test_year": 2024, "model_comparison": {"RMSE_granulaire": {"Ridge": 0.284, "RandomForest": 0.279, "XGBoost": 0.279}, "MAE_granulaire": {"Ridge": 0.082, "RandomForest": 0.081, "XGBoost": 0.081}, "R2_granulaire": {"Ridge": 0.516, "RandomForest": 0.532, "XGBoost": 0.53}, "RMSE_pays": {"Ridge": 4.436, "RandomForest": 4.256, "XGBoost": 3.56}, "R2_pays": {"Ridge": 0.878, "RandomForest": 0.888, "XGBoost": 0.922}}, "ci_quantiles": {"q10": -0.715315947845147, "q90": 0.3668876220249142}}