{"country_level": {"r2": 0.8622288146240176, "rmse": 4.534376036207832}, "by_color": {"Gold": {"rmse": 0.2815957357806924, "mae": 0.0688938634017125, "r2": 0.5738635141997063}, "Silver": {"rmse": 0.2597020015459873, "mae": 0.0709649652944973, "r2": 0.5661957029715738}, "Bronze": {"rmse": 0.297502012126081, "mae": 0.08811108583571621, "r2": 0.41843055584911737}}, "n_top_sports": 30, "trained_years": "1968-2016", "test_year": 2024}